<?xml version="1.0" encoding="UTF-8"?>
<project name="java_projekt" default="all">
  
  
  <property file="java_projekt.properties"/>
  <!-- Uncomment the following property if no tests compilation is needed -->
  <!-- 
  <property name="skip.tests" value="true"/>
   -->
  
  <!-- Compiler options -->
  
  <property name="compiler.debug" value="on"/>
  <property name="compiler.generate.no.warnings" value="off"/>
  <property name="compiler.args" value=""/>
  <property name="compiler.max.memory" value="700m"/>
  <patternset id="ignored.files">
    <exclude name="**/*.hprof/**"/>
    <exclude name="**/*.pyc/**"/>
    <exclude name="**/*.pyo/**"/>
    <exclude name="**/*.rbc/**"/>
    <exclude name="**/*.yarb/**"/>
    <exclude name="**/*~/**"/>
    <exclude name="**/.DS_Store/**"/>
    <exclude name="**/.git/**"/>
    <exclude name="**/.hg/**"/>
    <exclude name="**/.svn/**"/>
    <exclude name="**/CVS/**"/>
    <exclude name="**/__pycache__/**"/>
    <exclude name="**/_svn/**"/>
    <exclude name="**/vssver.scc/**"/>
    <exclude name="**/vssver2.scc/**"/>
  </patternset>
  <patternset id="library.patterns">
    <include name="*.war"/>
    <include name="*.swc"/>
    <include name="*.zip"/>
    <include name="*.egg"/>
    <include name="*.ane"/>
    <include name="*.jar"/>
    <include name="*.ear"/>
  </patternset>
  <patternset id="compiler.resources">
    <exclude name="**/?*.java"/>
    <exclude name="**/?*.form"/>
    <exclude name="**/?*.class"/>
    <exclude name="**/?*.groovy"/>
    <exclude name="**/?*.scala"/>
    <exclude name="**/?*.flex"/>
    <exclude name="**/?*.kt"/>
    <exclude name="**/?*.clj"/>
    <exclude name="**/?*.aj"/>
  </patternset>
  
  <!-- JDK definitions -->
  
  <property name="jdk.bin.1.8" value="${jdk.home.1.8}/bin"/>
  <path id="jdk.classpath.1.8">
    <fileset dir="${jdk.home.1.8}">
      <include name="jre/lib/charsets.jar"/>
      <include name="jre/lib/deploy.jar"/>
      <include name="jre/lib/ext/access-bridge-64.jar"/>
      <include name="jre/lib/ext/cldrdata.jar"/>
      <include name="jre/lib/ext/dnsns.jar"/>
      <include name="jre/lib/ext/jaccess.jar"/>
      <include name="jre/lib/ext/jfxrt.jar"/>
      <include name="jre/lib/ext/localedata.jar"/>
      <include name="jre/lib/ext/nashorn.jar"/>
      <include name="jre/lib/ext/sunec.jar"/>
      <include name="jre/lib/ext/sunjce_provider.jar"/>
      <include name="jre/lib/ext/sunmscapi.jar"/>
      <include name="jre/lib/ext/sunpkcs11.jar"/>
      <include name="jre/lib/ext/zipfs.jar"/>
      <include name="jre/lib/javaws.jar"/>
      <include name="jre/lib/jce.jar"/>
      <include name="jre/lib/jfr.jar"/>
      <include name="jre/lib/jfxswt.jar"/>
      <include name="jre/lib/jsse.jar"/>
      <include name="jre/lib/management-agent.jar"/>
      <include name="jre/lib/plugin.jar"/>
      <include name="jre/lib/resources.jar"/>
      <include name="jre/lib/rt.jar"/>
    </fileset>
  </path>
  
  <property name="project.jdk.home" value="${jdk.home.1.8}"/>
  <property name="project.jdk.bin" value="${jdk.bin.1.8}"/>
  <property name="project.jdk.classpath" value="jdk.classpath.1.8"/>
  <!-- Register Custom Compiler Taskdefs -->
  <property name="javac2.home" value="${idea.home}/lib"/>
  <path id="javac2.classpath">
    <pathelement location="${javac2.home}/javac2.jar"/>
    <pathelement location="${javac2.home}/jdom.jar"/>
    <pathelement location="${javac2.home}/asm-all.jar"/>
    <pathelement location="${javac2.home}/jgoodies-forms.jar"/>
  </path>
  <target name="register.custom.compilers">
    <taskdef name="javac2" classname="com.intellij.ant.Javac2" classpathref="javac2.classpath"/>
    <taskdef name="instrumentIdeaExtensions" classname="com.intellij.ant.InstrumentIdeaExtensions" classpathref="javac2.classpath"/>
  </target>
  
  <!-- Modules -->
  
  <import file="${basedir}/module_java_projekt.xml"/>
  
  <target name="init" description="Build initialization">
    <!-- Perform any build initialization in this target -->
  </target>
  
  <target name="clean" depends="clean.module.java_projekt" description="cleanup all"/>
  
  <target name="build.modules" depends="init, clean, compile.module.java_projekt" description="build all modules"/>
  
  <target name="init.artifacts">
    <property name="artifacts.temp.dir" value="${basedir}/__artifacts_temp"/>
    <property name="artifact.output.klient:jar" value="${basedir}/out/artifacts/KLIENT_jar"/>
    <property name="artifact.output.serwer:jar" value="${basedir}/out/artifacts/SERWER_jar"/>
    <mkdir dir="${artifacts.temp.dir}"/>
    <property name="temp.jar.path.KLIENT_jar.jar" value="${artifacts.temp.dir}/KLIENT_jar.jar"/>
    <property name="temp.jar.path.JAVA_PROJEKT.jar" value="${artifacts.temp.dir}/JAVA_PROJEKT.jar"/>
    <property name="temp.jar.path.SERWER_jar.jar" value="${artifacts.temp.dir}/SERWER_jar.jar"/>
    <property name="temp.jar.path.JAVA_PROJEKT.jar2" value="${artifacts.temp.dir}/1/JAVA_PROJEKT.jar"/>
    <mkdir dir="${artifacts.temp.dir}/1"/>
  </target>
  
  <target name="artifact.klient:jar" depends="init.artifacts, compile.module.java_projekt" description="Build &#39;KLIENT:jar&#39; artifact">
    <property name="artifact.temp.output.klient:jar" value="${artifacts.temp.dir}/KLIENT_jar"/>
    <mkdir dir="${artifact.temp.output.klient:jar}"/>
    <jar destfile="${temp.jar.path.JAVA_PROJEKT.jar}" duplicate="preserve" filesetmanifest="mergewithoutmain">
      <zipfileset file="${basedir}/JAR/KLI/META-INF/MANIFEST.MF" prefix="META-INF"/>
      <zipfileset dir="${java_projekt.output.dir}"/>
    </jar>
    <jar destfile="${temp.jar.path.KLIENT_jar.jar}" duplicate="preserve" filesetmanifest="mergewithoutmain">
      <zipfileset file="${temp.jar.path.JAVA_PROJEKT.jar}"/>
      <zipfileset dir="${basedir}/res"/>
      <zipfileset file="${basedir}/JAR/KLI/META-INF/MANIFEST.MF" prefix="META-INF"/>
    </jar>
    <copy file="${temp.jar.path.KLIENT_jar.jar}" tofile="${artifact.temp.output.klient:jar}/KLIENT_jar.jar"/>
  </target>
  
  <target name="artifact.serwer:jar" depends="init.artifacts, compile.module.java_projekt" description="Build &#39;SERWER:jar&#39; artifact">
    <property name="artifact.temp.output.serwer:jar" value="${artifacts.temp.dir}/SERWER_jar"/>
    <mkdir dir="${artifact.temp.output.serwer:jar}"/>
    <jar destfile="${temp.jar.path.JAVA_PROJEKT.jar2}" duplicate="preserve" filesetmanifest="mergewithoutmain">
      <zipfileset file="${basedir}/JAR/SER/META-INF/MANIFEST.MF" prefix="META-INF"/>
      <zipfileset dir="${java_projekt.output.dir}"/>
    </jar>
    <jar destfile="${temp.jar.path.SERWER_jar.jar}" duplicate="preserve" filesetmanifest="mergewithoutmain">
      <zipfileset file="${temp.jar.path.JAVA_PROJEKT.jar2}"/>
      <zipfileset dir="${basedir}/res"/>
      <zipfileset file="${basedir}/JAR/SER/META-INF/MANIFEST.MF" prefix="META-INF"/>
    </jar>
    <copy file="${temp.jar.path.SERWER_jar.jar}" tofile="${artifact.temp.output.serwer:jar}/SERWER_jar.jar"/>
  </target>
  
  <target name="build.all.artifacts" depends="artifact.klient:jar, artifact.serwer:jar" description="Build all artifacts">
    <mkdir dir="${artifact.output.klient:jar}"/>
    <copy todir="${artifact.output.klient:jar}">
      <fileset dir="${artifact.temp.output.klient:jar}"/>
    </copy>
    <mkdir dir="${artifact.output.serwer:jar}"/>
    <copy todir="${artifact.output.serwer:jar}">
      <fileset dir="${artifact.temp.output.serwer:jar}"/>
    </copy>
    
    <!-- Delete temporary files -->
    <delete dir="${artifacts.temp.dir}"/>
  </target>
  
  <target name="all" depends="build.modules, build.all.artifacts" description="build all"/>
</project>